Nickname,Fecha Nac.,Sexo,Ciudad,Nombre,Apellido,Email,Contraseña,Interés1,Interés2,Interés3,Interés4,Interés5,Longitud,Latitud
npaulet,16/07/51,M,Buenos Aires,Nicolas,Paulet,nicolaspaulet@gustr.com,001a2223a,racing,asado,musica,salud,futbol,"-58,3974961124","-34,5999615103"
ccgeois,14/02/84,M,Buenos Aires,Christian,Bourgeois,cbourgeois@hotmail.com,002a2223a,fotografia,racing,cerveza,ciencia,basquet,"-58,3738872647","-34,640819885"
Dilama,23/05/56,F,Buenos Aires,Didiane,Lamarre,didianelama84@aol.com,003a2223a,salud,futbol,humor,viajes,programacion,"-58,3922817772","-34,5828158"
Chases,15/05/85,F,Buenos Aires,Beatriz,Barboza,BeatrizBaroza@gutr.com,004a2223a,racing,fotografia,cerveza,internet,,"-58,4822986052","-34,597755652"
Canot94,19/07/94,I,Buenos Aires,Doroteo,Bellucci,DoroBellucci@asm.com,005a2223a,cerveza,futbol,ciencia,humor,,"-58,4829345035","-34,5960909254"
Privarme,07/03/89,F,Buenos Aires,Lorena,Pisani,LorenaPisani@gustr.com,006a2223a,musica,asado,viajes,basquet,,"-58,4776921498","-34,5949775013"
theller,06/09/80,M,Buenos Aires,Ivan,Lo Duca,vanLoDuca@superrito.com,007a2223a,salud,futbol,ciencia,fotografia,internet,"-58,4428409098","-34,542278668"
micara1958,20/05/58,I,Buenos Aires,Timotea,Calabrese,timocala@aol.com,008a2223a,python,fotografia,musica,programacion,,"-58,40858098","-34,6196631549"
Comprignate,05/07/80,M,Buenos Aires,Leila,Cremonesi,LeilaCremonesi@outlook.com,009a2223a,cerveza,pizza,humor,ciencia,,"-58,4441846757","-34,541636483"
Decong,22/11/91,I,Buenos Aires,Enzo,Alves,EnzoAlves@superrito.com,010a2223a,asado,fotografia,viajes,programacion,,"-58,5084549132","-34,5933156288"
Beek1931,27/12/31,I,Buenos Aires,Gabriel,Correia,GabrielCorreia@gustr.com,011a2223a,salud,futbol,internet,humor,,"-58,5121700464","-34,5972769613"
Brover,03/03/95,I,Buenos Aires,Armando,Pinto Cardoso,armandopc@aol.com,012a2223a,salud,cerveza,musica,fotografia,,"-58,4122132286","-34,6123117714"
Agemput,02/08/82,M,Buenos Aires,Ana,Rocha Pinto,annarocha@gustr.com,013a2223a,futbol,pizza,comedias,programacion,,"-58,4783170278","-34,5678888147"
Squom1984,25/06/84,M,Buenos Aires,Argento,Cabán,ArgentoCaban@gustr.com,014a2223a,libros,python,ciencia,basquet,,"-58,3976782096","-34,5978455056"
Aimp5,13/12/92,I,Buenos Aires,Santiago,Fernández,SantiagoFernandez@gustr.com,015a2223a,fotografia,musica,humor,programacion,,"-58,3980982538","-34,5973328301"
Goisibe,13/11/75,M,Buenos Aires,Fausto,Trevisan,FaustoTrevisan@gustr.com,016a2223a,racing,cerveza,viajes,programacion,,"-58,3993169648","-34,5971490317"
Dutu206,28/06/89,M,Buenos Aires,Gaston,Peña,imgaston12@gmail.com,017a2223a,python,futbol,internet,basquet,,"-58,420072184","-34,5985961508"
Segerhy,19/10/91,I,Buenos Aires,Valentino,Peres Attia ,hiattia8@telefonica.net,018a2223a,asado,musica,programacion,humor,,"-58,4184425907","-34,6073185912"
Uniscomen,11/07/88,M,Buenos Aires,Bernardo,Formigo,hocaldelas14@yopmail.com,019a2223a,libros,comedias,basquet,viajes,,"-58,3982560262","-34,5982628605"
Wores1991,13/09/91,F,Buenos Aires,Cecilia Sol,Garramiola,gyledesma24@outlook.com,020a2223a,salud,pizza,viajes,humor,ciencia,"-58,3684159212","-34,6176277762"
Pazke,02/10/94,F,Buenos Aires,Nancy,Salerno,gdcadar3@latinmail.com,021a2223a,python,cerveza,fotografia,musica,racing,"-58,4465056434","-34,6281939922"
Rupporet,05/01/92,I,Buenos Aires,Soraya,Danus,fesoraya4@yopmail.com,022a2223a,musica,fotografia,racing,python,internet,"-58,4443821072","-34,5792818347"
Butiefull,10/05/93,F,Buenos Aires,Eugenia María,Taverner ,apherbella15@yopmail.com,023a2223a,futbol,fotografia,libros,viajes,basquet,"-58,3729224166","-34,6045515788"
Wooka1992,02/03/92,F,Buenos Aires,Daniella,Salma Cancino,asalma24@latinmail.com,024a2223a,salud,futbol,comedias,ciencia,,"-58,467088687","-34,5841246764"
Defourne,18/08/93,F,Buenos Aires,Gianina,Oleas,emgianina12@telefonica.net,025a2223a,asado,cerveza,humor,ciencia,,"-58,4104100534","-34,6004473684"
Lentep,20/09/91,I,Buenos Aires,Joaquin,Laforga ,cejoaquim4@yahoo.com,026a2223a,libros,pizza,futbol,python,,"-58,3730664168","-34,5998618226"
Trosfined,06/12/90,I,Buenos Aires,Gustavo,Tura Alecha ,acalecha2@aol.com,027a2223a,fotografia,python,humor,comedias,,"-58,3658514363","-34,6144452303"
Stoult,23/02/91,M,Buenos Aires,Santino,Atochero,fkatochero10@live.com,028a2223a,cerveza,libros,fotografia,viajes,,"-58,3657224708","-34,6155486953"
Haind1985,28/07/85,I,Buenos Aires,Pascual,Bonda,pascualw21@aol.com,029a2223a,asado,futbol,comedias,fotografia,internet,"-58,4321779037","-34,6059051283"
Prefuld,12/09/86,I,Buenos Aires,Paolo,Sampe,jppaolo15@latinmail.com,030a2223a,cerveza,python,humor,ciencia,programacion,"-58,3845246836","-34,6202236066"
Demsen,07/03/85,M,Buenos Aires,Rodrigo,Blanquet,hrbot17@yopmail.com,031a2223a,salud,pizza,python,comedias,,"-58,3963517705","-34,5884181521"
Russita90,13/07/90,F,Buenos Aires,Josefina Nora,Sorigue,josefinanora19@gmail.com,032a2223a,musica,futbol,libros,asado,,"-58,4395003281","-34,544702707"
